Year;Company;Weight;Revenue;Cost of Goods Sold;Gross Profit;Other Incomes;Genereal Expenses;Depreciation;EBIT;Net Interest Expense;Adjusted EBIT;Other;Taxes;Net Income;Non-Current Assets;Inventories;Receivables;Cash;Current Assets;Total Assets;Payables;Tax Paybles;Current Liabilities;Long-Term Debt;Short-Term Debt;Total Debt;Total Liabilities;Total Equity;Total Liabilities & Shareholders' Equity;Gross margin ratio;Operating margin ratio;Net Profit margin;Return on assets ratio;Capital Employed
2011;Εκδόσεις Ψυχογιός;38%; 13.660.485,4 ;-3.400.600,2 ; 10.259.885,2 ; 624.026,9 ;-9.425.103,7 ; -   ; 1.458.808,4 ;-132.807,9 ; 1.326.000,6 ;-23.238,7 ; -   ; 1.302.761,9 ; 4.322.233,8 ; 2.256.861,6 ; 8.207.140,4 ; 971.077,0 ; 11.435.078,9 ; 16.221.549,1 ; 2.467.881,7 ;338281,18; 4.306.162,8 ; 1.466.900,0 ; 1.500.000,0 ; 2.966.900,0 ; 5.773.062,8 ; 9.462.442,1 ; 16.221.549,1 ;75,1%;9,7%;9,5%;8,0%; 11.915.386,3 
2012;Εκδόσεις Ψυχογιός;41%; 12.502.330,3 ;-3.441.412,3 ; 9.060.918,1 ; 476.115,5 ;-8.738.705,7 ; -   ; 798.327,8 ;-177.356,4 ; 620.971,5 ;-12.153,5 ; -   ; 608.818,0 ; 4.096.995,8 ; 1.981.159,8 ; 6.855.957,7 ; 2.053.258,5 ; 10.890.376,0 ; 15.503.741,0 ; 2.632.161,0 ; 667.405,1 ; 3.753.068,9 ; 1.022.300,0 ; 453.502,8 ; 1.475.802,8 ; 4.775.369,9 ; 9.895.918,6 ; 15.503.741,0 ;72,5%;5,0%;4,9%;3,9%; 11.750.672,0 
2013;Εκδόσεις Ψυχογιός;33%; 13.633.275,6 ;-3.521.769,1 ; 10.111.506,6 ; 629.383,5 ;-9.659.733,0 ; -   ; 1.081.157,1 ;-58.549,3 ; 1.022.607,7 ; 10.277,4 ; -   ; 1.032.885,1 ; 4.198.020,0 ; 1.792.962,8 ; 6.712.564,3 ; 2.124.652,4 ; 10.630.179,4 ; 14.975.485,3 ; 2.239.486,3 ; 1.256.944,9 ; 3.967.031,7 ; 551.700,0 ; -   ; 551.700,0 ; 4.518.731,7 ; 9.205.899,5 ; 14.975.485,3 ;74,2%;7,5%;7,6%;6,9%; 11.008.453,7 
2014;Εκδόσεις Ψυχογιός;31%; 14.069.884,4 ;-3.828.220,1 ; 10.241.664,3 ; 577.765,8 ;-9.153.431,2 ; -   ; 1.665.998,8 ;-35.153,4 ; 1.630.845,4 ;-2.460,8 ; -   ; 1.628.384,6 ; 4.443.615,7 ; 2.514.129,7 ; 8.007.024,2 ; 633.175,7 ; 11.154.329,5 ; 15.745.298,8 ; 2.808.966,7 ; 1.390.301,2 ; 6.426.010,0 ; 82.200,0 ; -   ; 82.200,0 ; 6.508.210,0 ; 7.675.577,0 ; 15.745.298,8 ;72,8%;11,6%;11,6%;10,3%; 9.319.288,8 
2015;Εκδόσεις Ψυχογιός;33%; 13.353.101,5 ;-3.204.077,0 ; 10.149.024,5 ; 545.940,3 ;-8.909.187,1 ;-310.063,9 ; 1.475.713,8 ;-121.670,9 ; 1.354.042,9 ; -   ;-703.828,6 ; 650.214,3 ; 4.004.172,3 ; 2.942.884,7 ; 7.924.856,1 ; 655.448,7 ; 11.523.189,4 ; 15.527.361,7 ; 4.679.661,9 ; 962.063,8 ; 6.879.533,6 ; 86.252,1 ; 1.237.807,9 ; 1.324.060,0 ; 6.965.785,7 ; 8.325.791,3 ; 15.527.361,7 ;76,0%;10,1%;4,9%;4,2%; 8.647.828,1 
2016;Εκδόσεις Ψυχογιός;33%; 14.002.879,1 ;-3.548.575,4 ; 10.454.303,8 ; 545.788,8 ;-8.597.296,1 ;-21.379,4 ; 2.381.417,1 ;-67.331,6 ; 2.314.085,5 ; -   ;-707.645,1 ; 1.606.440,4 ; 3.761.043,5 ; 3.158.827,5 ; 7.640.543,6 ; 579.810,7 ; 11.379.181,8 ; 15.140.225,2 ; 5.225.356,0 ; 937.687,9 ; 6.565.662,8 ; 86.252,1 ; 402.618,9 ; 488.871,1 ; 6.651.914,9 ; 8.237.111,6 ; 15.140.225,2 ;74,7%;16,5%;11,5%;10,6%; 8.574.562,4 
2017;Εκδόσεις Ψυχογιός;33%; 13.616.601,9 ;-3.763.340,1 ; 9.853.261,8 ; 607.753,4 ;-8.590.899,5 ;-93.361,8 ; 1.776.753,9 ;-44.729,9 ; 1.732.024,0 ; -   ;-518.135,6 ; 1.213.888,4 ; 3.693.114,4 ; 3.435.264,9 ; 8.684.081,5 ; 582.456,5 ; 12.701.802,9 ; 16.394.917,4 ; 4.268.166,4 ; 903.578,8 ; 6.572.445,0 ; 88.494,7 ; 1.400.699,9 ; 1.489.194,6 ; 6.660.939,7 ; 9.450.999,9 ; 16.394.917,4 ;72,4%;12,7%;8,9%;7,4%; 9.822.472,4 
2018;Εκδόσεις Ψυχογιός;20%; 7.018.175,5 ;-2.232.473,7 ; 4.785.701,8 ; 21.035,9 ;-4.589.406,6 ;-41.343,4 ; 175.987,7 ;-18.539,0 ; 157.448,7 ; -   ;-76.887,3 ; 80.561,4 ; 774.420,7 ; 3.157.826,4 ; 7.602.440,3 ; 723.493,7 ; 11.483.760,4 ; 12.258.181,1 ; 4.419.301,1 ; 480.252,2 ; 4.899.553,2 ; -   ; -   ; -   ; 4.899.553,2 ; 7.052.012,8 ; 12.258.181,1 ;68,2%;2,2%;1,1%;0,7%; 7.358.627,9 
2019;Εκδόσεις Ψυχογιός;30%; 12.677.430,6 ;-4.030.115,7 ; 8.647.314,9 ; 61.709,3 ;-7.184.859,3 ;-30.815,1 ; 1.493.349,9 ;-63.904,2 ; 1.429.445,7 ; -   ;-369.166,1 ; 1.060.279,7 ; 801.280,8 ; 3.671.483,9 ; 7.836.538,3 ; 1.038.458,2 ; 12.546.480,3 ; 13.347.761,2 ; 3.562.393,3 ; 550.706,7 ; 4.931.540,6 ; -   ; 818.440,7 ; 818.440,7 ; 4.931.540,6 ; 8.112.282,5 ; 13.347.761,2 ;68,2%;11,3%;8,4%;7,9%; 8.416.220,5 
2020;Εκδόσεις Ψυχογιός;32%; 14.176.261,7 ;-3.782.991,7 ; 10.393.270,0 ; 104.757,8 ;-8.142.905,3 ;-96.267,3 ; 2.258.855,2 ;-82.967,9 ; 2.175.887,3 ; -   ;-544.444,3 ; 1.631.443,1 ; 848.630,2 ; 4.232.389,9 ; 7.912.545,1 ; 850.458,2 ; 12.995.393,2 ; 13.844.023,4 ; 3.755.990,5 ; 529.980,0 ; 4.304.348,3 ; -   ; 18.377,9 ; 18.377,9 ; 4.304.348,3 ; 9.243.735,6 ; 13.844.023,4 ;73,3%;15,3%;11,5%;11,8%; 9.539.675,0 
2011;Εκδόσεις Πατάκη;38%; 12.245.097,2 ;-5.638.556,2 ; 6.606.541,0 ; 16.857,7 ;-5.810.859,5 ; -   ; 812.539,2 ;-258.604,9 ; 553.934,3 ;-40.977,8 ; -   ; 512.956,5 ; 6.070.981,0 ; 8.250.441,5 ; 9.769.531,2 ; 183.062,1 ; 18.203.034,8 ; 26.796.189,9 ; 3.897.157,1 ; 346.286,3 ; 6.457.645,1 ; 2.968.570,0 ; 2.214.201,7 ; 5.182.771,6 ; 9.426.215,1 ; 16.763.156,0 ; 26.796.189,9 ;54,0%;4,5%;4,2%;1,9%; 20.338.544,8 
2012;Εκδόσεις Πατάκη;42%; 12.739.443,3 ;-6.132.039,7 ; 6.607.403,6 ; 56.971,9 ;-5.514.849,4 ; -   ; 1.149.526,2 ;-218.955,8 ; 930.570,4 ;-195.838,0 ; -   ; 734.732,5 ; 5.772.423,0 ; 8.008.662,8 ; 9.713.014,7 ; 632.032,6 ; 18.353.710,0 ; 26.340.752,5 ; 4.582.296,8 ; 511.797,6 ; 5.751.320,6 ; 2.953.530,0 ; 657.226,2 ; 3.610.756,2 ; 8.704.850,6 ; 16.657.730,2 ; 26.340.752,5 ;51,9%;7,3%;5,8%;2,8%; 20.589.431,9 
2013;Εκδόσεις Πατάκη;31%; 12.941.590,9 ;-6.441.998,5 ; 6.499.592,4 ; 20.823,3 ;-5.510.819,1 ; -   ; 1.009.596,7 ;-225.003,2 ; 784.593,5 ; 2.784,2 ; -   ; 787.377,6 ; 5.559.235,9 ; 6.859.785,8 ; 9.293.377,3 ; 584.360,4 ; 16.737.523,5 ; 24.394.058,1 ; 3.565.703,0 ; 596.689,6 ; 4.693.066,5 ; 2.158.490,0 ; 530.673,8 ; 2.689.163,8 ; 6.851.556,5 ; 16.622.089,3 ; 24.394.058,1 ;50,2%;6,1%;6,1%;3,2%; 19.700.991,6 
2014;Εκδόσεις Πατάκη;28%; 12.383.322,3 ;-5.633.078,3 ; 6.750.244,0 ; 169.717,4 ;-5.635.065,7 ; -   ; 1.284.895,7 ;-163.021,0 ; 1.121.874,7 ;-250.991,2 ; -   ; 870.883,4 ; 5.376.675,2 ; 6.908.569,3 ; 9.282.286,9 ; 421.163,7 ; 16.612.019,8 ; 24.047.477,1 ; 3.696.166,7 ; 530.231,8 ; 5.028.924,8 ; 1.448.450,0 ; 802.526,3 ; 2.250.976,3 ; 6.477.374,7 ; 16.686.347,2 ; 24.047.477,1 ;54,5%;9,1%;7,0%;3,6%; 19.018.552,4 
2015;Εκδόσεις Πατάκη;31%; 12.491.995,0 ;-5.922.690,8 ; 6.569.304,2 ; 172.443,6 ;-5.460.250,0 ;-81.002,0 ; 1.200.495,8 ;-179.182,7 ; 1.021.313,1 ; -   ;-346.462,9 ; 674.850,2 ; 5.187.562,0 ; 7.177.113,7 ; 11.361.911,1 ; 201.857,0 ; 18.740.881,8 ; 23.928.443,9 ; 3.522.565,8 ; 603.051,4 ; 5.828.818,8 ; 738.427,7 ; 1.703.201,6 ; 2.441.629,3 ; 6.567.246,5 ; 17.361.197,5 ; 23.928.443,9 ;52,6%;8,2%;5,4%;2,8%; 18.099.625,2 
2016;Εκδόσεις Πατάκη;30%; 12.573.235,1 ;-5.973.570,1 ; 6.599.665,0 ; 172.111,4 ;-5.776.060,9 ; -   ; 1.028.836,4 ;-187.447,7 ; 841.388,7 ; 33.120,9 ;-274.240,7 ; 600.268,9 ; 5.044.563,2 ; 7.712.712,1 ; 11.836.920,4 ; 205.111,7 ; 19.754.744,1 ; 24.799.307,3 ; 4.456.509,6 ; 531.752,7 ; 7.322.129,4 ; 103.370,1 ; 2.333.867,2 ; 2.437.237,2 ; 7.440.961,9 ; 17.358.345,4 ; 24.799.307,3 ;52,5%;6,7%;4,8%;2,4%; 17.477.177,9 
2017;Εκδόσεις Πατάκη;30%; 12.573.038,6 ;-5.971.864,1 ; 6.601.174,5 ; 178.646,5 ;-5.539.133,3 ;-38.074,2 ; 1.202.613,5 ;-239.661,5 ; 962.952,0 ; -   ;-329.569,3 ; 633.382,7 ; 4.803.577,5 ; 8.175.863,2 ; 12.420.410,8 ; 99.771,6 ; 20.696.045,6 ; 25.499.623,0 ; 4.167.968,6 ; 587.196,6 ; 7.324.430,8 ; 743.055,5 ; 2.569.265,6 ; 3.312.321,2 ; 8.077.894,9 ; 17.421.728,2 ; 25.499.623,0 ;52,5%;7,7%;5,0%;2,5%; 18.175.192,2 
2018;Εκδόσεις Πατάκη;33%; 11.850.993,5 ;-5.583.409,0 ; 6.267.584,5 ; 179.590,6 ;-5.462.976,4 ; -   ; 984.198,7 ;-227.141,0 ; 757.057,8 ; -   ;-312.088,7 ; 444.969,1 ; 4.630.479,0 ; 8.869.683,0 ; 11.360.311,2 ; 215.675,5 ; 20.445.669,7 ; 25.076.148,6 ; 3.954.326,7 ; 558.186,9 ; 6.928.631,6 ; 804.717,0 ; 2.416.118,0 ; 3.220.835,0 ; 7.739.325,9 ; 17.336.822,7 ; 25.076.148,6 ;52,9%;6,4%;3,8%;1,8%; 18.147.517,0 
2019;Εκδόσεις Πατάκη;29%; 12.202.050,1 ;-5.463.658,3 ; 6.738.391,8 ; 178.807,9 ;-5.443.051,5 ;-310.114,1 ; 1.164.034,1 ;-202.362,0 ; 961.672,2 ; -   ;-294.897,8 ; 666.774,4 ; 5.195.576,7 ; 8.916.404,3 ; 10.382.312,5 ; 210.678,2 ; 19.509.395,1 ; 24.704.971,2 ; 4.135.234,6 ; 572.970,7 ; 5.457.840,3 ; 1.511.232,2 ; 749.635,0 ; 2.260.867,3 ; 7.016.204,9 ; 17.688.766,2 ; 24.704.971,2 ;55,2%;7,9%;5,5%;2,7%; 19.247.130,9 
2020;Εκδόσεις Πατάκη;26%; 11.669.353,6 ;-5.735.492,7 ; 5.933.860,9 ; 210.462,1 ;-5.112.707,4 ; -   ; 1.031.615,6 ;-98.462,1 ; 933.153,5 ; -   ;-251.932,6 ; 681.220,9 ; 4.869.475,0 ; 9.130.265,4 ; 9.867.236,9 ; 825.565,6 ; 19.823.067,9 ; 24.692.542,9 ; 3.841.336,3 ; 535.797,9 ; 6.236.854,4 ; 965.054,6 ; 1.859.720,2 ; 2.824.774,8 ; 7.205.614,6 ; 17.486.928,3 ; 24.692.542,9 ;50,8%;8,0%;5,8%;2,8%; 18.455.688,5 
2011;Εκδόσεις Μεταίχμιο;20%; 6.408.990,4 ;-1.344.034,7 ; 5.064.955,7   ; 115.496,8 ;-4.520.778,9 ;; 659.673,6 ;-361.506,8 ; 298.166,8 ;-59.241,5 ;; 238.925,3 ; 2.024.817,1 ; 1.385.867,4 ; 8.382.348,8 ; 389.529,9 ; 10.157.476,0 ; 12.541.138,1 ; 6.226.218,9 ; 194.947,9 ; 6.421.166,8 ; 1.272.776,4 ; -   ; 1.272.776,4 ; 7.693.943,2 ; 3.487.795,7 ; 12.541.138,1 ;79,0%;4,7%;3,7%;1,9%; 6.119.971,3 
2012;Εκδόσεις Μεταίχμιο;17%; 5.183.171,6 ;-1.183.411,1 ; 3.999.760,6   ; 87.127,7 ;-3.926.573,0 ;; 160.315,3 ;-395.271,1 ;-234.955,8 ; 3.227,8 ;;-31.728,0 ; 1.963.050,0 ; 1.390.260,2 ; 7.265.906,5 ; 266.886,0 ; 8.923.052,7 ; 11.449.469,7 ; 5.362.358,0 ; 116.698,4 ; 5.479.056,5 ; 1.230.262,9 ; -   ; 1.230.262,9 ; 6.709.319,4 ; 3.304.056,9 ; 11.449.469,7 ;77,2%;-4,5%;-0,6%;-0,3%; 5.970.413,3 
2013;Εκδόσεις Μεταίχμιο;18%; 7.437.407,3 ;-2.038.903,6 ; 5.398.503,7   ; 13.020,6 ;-4.673.730,4 ;; 737.793,9 ;-369.189,4 ; 368.604,5 ;-150.775,3 ;; 217.829,2 ; 1.863.694,4 ; 950.231,5 ; 7.073.000,1 ; 396.942,6 ; 8.420.174,2 ; 10.645.939,3 ; 3.029.252,6 ; 211.181,8 ; 5.694.925,3 ; 900.000,0 ; 2.454.491,0 ; 3.354.491,0 ; 6.594.925,3 ; 3.192.805,3 ; 10.645.939,3 ;72,6%;5,0%;2,9%;2,0%; 4.951.014,0 
2014;Εκδόσεις Μεταίχμιο;17%; 7.435.389,2 ;-1.619.442,5 ; 5.815.946,8   ; 15.995,9 ;-4.573.098,1 ;; 1.258.844,6 ;-265.844,0 ; 994.219,3 ;-670.336,0 ;; 323.883,3 ; 1.771.974,3 ; 1.011.256,5 ; 6.705.496,3 ; 341.598,3 ; 8.058.351,0 ; 10.104.953,3 ; 2.653.621,9 ; 326.343,0 ; 4.951.319,7 ; 600.000,0 ; 1.971.354,8 ; 2.571.354,8 ; 5.551.319,7 ; 3.142.663,0 ; 10.104.953,3 ;78,2%;13,4%;4,4%;3,2%; 5.153.633,6 
2015;Εκδόσεις Μεταίχμιο;15%; 5.881.095,7 ;-1.411.337,3 ; 4.469.758,4   ; 5.049,9 ;-4127123,86;; 347.684,5 ;-188.004,1 ; 159.680,4 ;;-64.307,4 ; 95.373,0 ; 1.796.147,6 ; 920.095,3 ;5298877,66; 183.382,7 ; 6.402.355,7 ; 8.198.503,3 ; 2.951.638,3 ; 182.726,9 ; 4.395.194,3 ; 653.041,4 ; 1.260.829,1 ; 1.913.870,5 ; 5.408.235,7 ; 3.150.267,6 ; 8.198.503,3 ;76,0%;2,7%;1,6%;1,2%; 3.803.309,0 
2016;Εκδόσεις Μεταίχμιο;16%; 6.679.272,2 ;-1.691.457,8 ; 4.987.814,4   ; 8.126,2 ;-4611496,8;; 384.443,7 ;-156.061,9 ; 228.381,8 ;;-117.073,7 ; 111.308,0 ; 1.638.808,7 ; 941.600,0 ;5391857,6; 513.473,3 ; 6.846.930,9 ; 8.485.739,6 ; 3.808.716,1 ; 223.660,1 ; 5.386.299,0 ; 472.165,2 ; 1.353.922,8 ; 1.826.088,0 ; 5.386.299,0 ; 2.961.575,6 ; 8.485.739,6 ;74,7%;3,4%;1,7%;1,3%; 3.099.440,6 
2017;Εκδόσεις Μεταίχμιο;17%; 6.899.024,9 ;-1.707.856,2 ; 5.191.168,7 ; 39.783,8 ;-4.405.552,9 ; -   ; 825.399,6 ;-150.417,2 ; 674.982,4 ; -   ;-176.763,8 ; 498.218,6 ; 1.524.463,5 ; 924.211,7 ; 4.872.000,2 ; 510.255,8 ; 6.306.467,7 ; 7.830.931,2 ; 2.073.328,1 ; 240.130,5 ; 4.167.589,9 ; 150.000,0 ; 1.854.131,3 ; 2.004.131,3 ; 4.317.589,9 ; 3.359.238,2 ; 7.830.931,2 ;75,2%;9,8%;7,2%;6,4%; 3.663.341,3 
2018;Εκδόσεις Μεταίχμιο;20%; 7.003.913,4 ;-1.788.881,5 ; 5.215.031,9 ; 32.392,6 ;-4.491.941,3 ; -   ; 755.483,2 ;-118.797,0 ; 636.686,2 ; -   ;-206.039,2 ; 430.647,0 ; 1.437.205,4 ; 956.018,3 ; 4.778.043,6 ; 473.363,8 ; 6.207.425,7 ; 7.644.631,1 ; 2.032.918,1 ; 278.272,2 ; 2.965.903,1 ; 1.018.626,8 ; 654.712,8 ; 1.673.339,5 ; 3.984.897,6 ; 3.488.217,3 ; 7.644.631,1 ;74,5%;9,1%;6,1%;5,6%; 4.678.728,0 
2019;Εκδόσεις Μεταίχμιο;17%; 7.055.357,1 ;-1.795.235,9 ; 5.260.121,2 ; 56.964,0 ;-4.466.780,5 ; -   ; 841.080,6 ;-106.540,7 ; 734.539,8 ; -   ;-182.869,9 ; 551.670,0 ; 1.372.455,5 ; 979.773,5 ; 5.013.518,5 ; 771.960,1 ; 6.765.252,1 ; 8.137.707,6 ; 2.536.943,8 ; 183.158,0 ; 3.522.914,5 ; 990.936,6 ; 802.812,8 ; 1.793.749,4 ; 4.513.851,1 ; 3.439.331,2 ; 8.137.707,6 ;74,6%;10,4%;7,8%;6,8%; 4.614.793,1 
2020;Εκδόσεις Μεταίχμιο;18%; 8.113.690,8 ;-1.919.707,5 ; 6.193.983,3 ; 133.525,0 ;-4.805.585,0 ; -   ; 1.521.923,3 ;-99.055,4 ; 1.422.867,9 ; -   ;-336.246,2 ; 1.086.621,7 ; 1.309.441,2 ; 1.010.590,1 ; 5.526.461,0 ; 2.292.786,0 ; 8.829.837,0 ; 10.139.278,2 ; 2.822.786,5 ; 343.944,2 ; 4.283.283,8 ; 1.925.895,9 ; 1.116.553,1 ; 3.042.449,0 ; 6.209.179,8 ; 3.703.184,9 ; 10.139.278,2 ;76,3%;17,5%;13,4%;10,7%; 5.855.994,4 
2011;Εκδόσεις Διόπτρα;0%;;; -    ;;;;;;;;;;;;;;;; -   ;;;;; -   ;;;;;;;; -   
2012;Εκδόσεις Διόπτρα;0%;;;;;;;;;;;;;;;;;;;;;;;;;;;;;;;; -   
2013;Εκδόσεις Διόπτρα;3%; 1.387.857,8 ;-301.584,8 ; 1.086.272,9   ; 4.577,1 ;-1.035.659,4 ;; 55.190,7 ;-45.663,9 ; 9.526,8 ;-6.401,8 ;; 3.125,0 ; 1.849.948,5 ; 414.113,9 ; 1.137.140,1 ; 67.577,5 ; 1.618.831,4 ; 3.505.887,3 ; 873.375,2 ;47354; 983.729,2 ;1834661,16;63000; 1.897.661,2 ;2818390,38;418291,73; 3.505.887,3 ;78,3%;0,7%;0,2%;0,1%; 2.522.158,1 
2014;Εκδόσεις Διόπτρα;6%; 2.909.715,0 ;-768.899,4 ; 2.140.815,6   ; 17.452,5 ;-1.910.685,8 ;; 247.582,3 ;-77.039,3 ; 170.543,1 ;-65.447,3 ;; 97.178,0 ; 1.829.903,5 ; 352.433,6 ; 1.841.923,5 ; 164.090,0 ; 2.358.447,1 ; 4.198.335,8 ; 1.184.170,6 ;119396,94; 1.742.715,3 ; 1.507.871 ;439147,8; 1.947.018,9 ;3250586,43;711347,75; 4.198.335,8 ;73,6%;5,9%;3,3%;2,3%; 2.455.620,5 
2015;Εκδόσεις Διόπτρα;8%; 3.231.068,7 ;-791.821,2 ; 2.439.247,4   ; 34.277,7 ;-2014701,64;;458823,52;-78595,96;380227,56;;-120327,13;259900,43;1809983,51;355475,44;1950556,85;138010,86;2444043,15;4254026,66; 1.557.995,9 ;120327,13;1805642,79; 1.502.758 ;127319,77; 1.630.077,8 ; 3.308.401 ;945625,87; 4.254.026,7 ;75,5%;11,8%;8,0%;6,1%; 2.448.383,9 
2016;Εκδόσεις Διόπτρα;10%; 4.051.464,1 ;-1.034.917,8 ; 3.016.546,3   ;1721,46;-2303910,34;;714357,39;-80057,22;634300,17;;-189758,74;444541,43;1739195,58;415019,47;2876607,81;12857,98;3304485,26;5043680,84; 1.926.240,5 ;189758,74;2189249,18;1464264,36;73249,94; 1.537.514,3 ;3653513,54;1390167,3; 5.043.680,8 ;74,5%;15,7%;11,0%;8,8%; 2.854.431,7 
2017;Εκδόσεις Διόπτρα;9%; 3.898.063,7 ;-888.377,1 ; 3.009.686,6 ; 13.506,8 ;-2.618.209,6 ; -   ; 404.983,7 ;-85.970,5 ; 319.013,2 ; -   ;-99.146,6 ; 219.866,6 ; 1.678.474,9 ; 521.302,9 ; 2.843.311,9 ; 30.669,7 ; 3.395.284,5 ; 5.073.759,4 ; 1.700.110,5 ; 145.398,1 ; 2.132.037,4 ; 1.331.688,1 ; 286.528,7 ; 1.618.216,8 ; 3.463.725,5 ; 1.610.033,9 ; 5.073.759,4 ;77,2%;8,2%;5,6%;4,3%; 2.941.722,1 
2018;Εκδόσεις Διόπτρα;13%; 4.739.989,3 ;-1.103.136,5 ; 3.636.852,8 ; 18.016,7 ;-3.093.978,1 ; -   ; 561.891,3 ;-92.512,8 ; 469.378,5 ; -   ;-143.701,5 ; 325.677,0 ; 1.686.174,8 ; 903.150,1 ; 2.991.285,7 ; 287.227,3 ; 4.181.663,1 ; 5.867.838,0 ; 2.159.214,4 ; 206.827,0 ; 2.573.770,8 ; 1.458.626,3 ; 207.729,4 ; 1.666.355,7 ; 4.032.397,0 ; 1.835.440,9 ; 5.867.838,0 ;76,7%;9,9%;6,9%;5,6%; 3.294.067,2 
2019;Εκδόσεις Διόπτρα;13%; 5.374.077,5 ;-1.352.559,8 ; 4.021.517,8 ; 31.264,1 ;-3.650.033,9 ; -   ; 402.747,8 ;-98.964,6 ; 303.783,2 ; -   ;-109.782,9 ; 194.000,3 ; 1.845.392,1 ; 1.228.432,3 ; 3.003.260,0 ; 401.996,5 ; 4.633.688,7 ; 6.479.080,8 ; 2.145.336,8 ; 115.533,4 ; 2.881.343,3 ; 1.491.906,7 ; 620.473,0 ; 2.112.379,7 ; 4.373.250,0 ; 2.029.441,3 ; 6.479.080,8 ;74,8%;5,7%;3,6%;3,0%; 3.597.737,5 
2020;Εκδόσεις Διόπτρα;15%; 6.623.987,6 ;-1.470.875,0 ; 5.153.112,6 ; 67.474,0 ;-3.559.573,3 ; -   ; 1.661.013,2 ;-82.464,8 ; 1.578.548,4 ; -   ;-323.859,3 ; 1.254.689,2 ; 1.781.654,7 ; 1.358.658,2 ; 3.892.977,3 ; 1.123.693,4 ; 6.375.328,9 ; 8.156.983,6 ; 3.169.694,1 ; 326.951,3 ; 3.738.509,6 ; 2.069.025,7 ; 241.864,2 ; 2.310.889,9 ; 5.807.535,4 ; 2.262.460,4 ; 8.156.983,6 ;77,8%;23,8%;18,9%;15,4%; 4.418.474,0 
2011;Εκδόσεις Καστανιώτη;0%;;;;;;;;;;;;;;;;;;;;;;;;;;;;;;;;
2012;Εκδόσεις Καστανιώτη;0%;;;;;;;;;;;;;;;;;;;;;;;;;;;;;;;;
2013;Εκδόσεις Καστανιώτη;0%;;;;;;;;;;;;;;;;;;;;;;;;;;;;;;;;
2014;Εκδόσεις Καστανιώτη;6%;2667728,78;-1211249,11;1456479,67;103935,44;-1547634,69;;-312065,38;-438633,18;-750697,53;;;-750697,53;1608018,88;4634694,76;5335836,19;32963,56;10003494,51;11609511,17;1624121,98;544239,16;2308929,87;7321291,64;140568,73;7461860,37;9630221,31; 1.979.290 ;11609511,17;54,6%;-28,1%;-28,1%;-6,5%; 9.300.581,3 
2015;Εκδόσεις Καστανιώτη;4%;1796182,54;-918437,5;877745,04;41041,38;-1359994,06;;-718963,59;-323083,9;-1042026,46;;;-1.042.026 ;2192322,57;4522450,55;4161513,71;10872,56;8694836,82;10836159,39;1909411,28;474630,86;2541122,95;7407773,04;157080,81;7564853,85;9948895,99;887263,4;10836159,39;48,9%;-58,0%;-58,0%;-9,6%; 8.295.036,4 
2016;Εκδόσεις Καστανιώτη;5%;2111483,24;-1072774,66;1038708,58;54582,94;-1098328,9;;-30002,17;-275841,34;-305842,36;;;-305842,36;2077827,8;4267325,97;4012648,22;9671,29;8289645,48;10367473,28;1652679,18;524800,51;2211429,22;7524623,02;33949,53;7558572,55; 9.736.052 ; 631.421 ;10367473,28;49,2%;-14,5%;-14,5%;-3,0%; 8.156.044,1 
2017;Εκδόσεις Καστανιώτη;5%; 1.962.675,7 ;-998.749,4 ;963926,36; 69.727,2 ;-1054737,54;;8618,79;-255134,26;-317881;;;-317881;2039860,48;4017753,86;4104479,39;37589,58;8159822,83;10199683,31;1454120,74;721897,94;2381881,22;7504262,05;205862,54;7710124,59;9886143,27;313540,04;10199683,31;49,1%;-16,2%;-16,2%;-3,1%; 7.817.802,1 
2018;Εκδόσεις Καστανιώτη;6%; 2.155.933,7 ;-1.171.383,4 ;984550,3; 84.661,8 ;-1001135,03;;57585,85;-264237,85;-205650,7;;;-205650,7;1543961,13;4059102,28;3845015,21;49349,55;7953467,04;9497428,17;555327,17;820517,71;2079508,55;7316382,08;703663,67;8020045,75;9395890,63;101537,54;9497428,17;45,7%;-9,5%;-9,5%;-2,2%; 7.417.919,6 
2019;Εκδόσεις Καστανιώτη;5%; 2.065.666,4 ;-1.126.043,4 ;939623,02; 72.005,3 ;-845446,77;;165401,4;-358155,67;-192753,58;;;-192753,58;1553296,4;4068317,47;5428400,9;88079,47;9584797,84;11138094,24;1823800,3;1029901,68;3617922,75;7611387,53;764220,77;8375608,3;11229310,28;-91216,04;11138094,24;45,5%;-9,3%;-9,3%;-1,7%; 7.520.171,5 
2020;Εκδόσεις Καστανιώτη;5%; 2.256.992,9 ;-1.292.229,6 ;964763,38; 57.401,8 ;-768857,3;;241246,44;-325427,71;-84180,12;;;-84180,12;1540841,72;3982816,66;4323971,77;157939,56;8464727,99;10005569,71;206008,38;1285979,58;2310122,6;7880043,27;818134,64;8698177,91;10190165,87;-184596,16;10005569,71;42,7%;-3,7%;-3,7%;-0,8%; 7.695.447,1 
2011;Εκδόσεις Λιβάνη;0%;;;;;;;;;;;;;;;;;;;;;;;;;;;;;;;;
2012;Εκδόσεις Λιβάνη;0%;;;;;;;;;;;;;;;;;;;;;;;;;;;;;;;;
2013;Εκδόσεις Λιβάνη;15%;6166491,6;-3326859,41;2839632,19;50233,68;-3209400,76;;-1681140,93;-772494,96;-2917133,85;;;-2904123,61;16913381,73;4275840,18;9913155,51;80538,57;14269534,26;31182834,99;3539587,54;;8626721,24;7289746,47;5087133,7;12376880,17;18888849,55;12293985,44;31182834,99;46,0%;-47,3%;-47,1%;-9,3%; 22.556.113,8 
2014;Εκδόσεις Λιβάνη;12%;5367004,58;-3172490,77;2194513,81;29035,11;-3134774,76;;-1810046,53;-791892,06;-3010078,91;;;-3041872,58;11208272,78;3950863,07;7583372,65;262104,58;11796340,3;23004613,08;3373369,88;;4515381,9;11781595,67;1142012,02;12923607,69;17737761,69;5266851,39;23004613,08;40,9%;-56,1%;-56,7%;-13,2%; 18.489.231,2 
2015;Εκδόσεις Λιβάνη;9%;3518218,79;-3043407,61;474811,18;695289,61;-2917026,12;;-2363824,18;-643204,29;-4679940,48;;;-4215590,02;9968131,08;3797958,35;5368586,89;85353,66;9251898,9;19220029,98;2744652,85;;14042982,08;2804289,08;11298329,23;14102618,31;18194434,89;1025595,09;19220029,98;13,5%;-133,0%;-119,8%;-21,9%; 5.177.047,9 
2016;Εκδόσεις Λιβάνη;7%;3100079,12;-2996245,21;103833,91;87467,76;-3820039,72;;-3084947,03;-627459,46;-4679940,48;;;-4354847,5;9000597,09;3625780,84;2977185,25;42948,54;6645914,63;15646511,72;3222577,07;;16790359,29;1134094;13567782,22;14701876,22;18913667,82;-3267156,1;15646511,72;3,3%;-151,0%;-140,5%;-27,8%;-1.143.847,6 
2017;Εκδόσεις Λιβάνη;6%;2324632,85;-2462613,29;-137980,44;115909,34;-1254971,64;;-1684373,45;-716527,88;-2631375,93;;-43766,36;-2657142,29;5439882,15;2822283,38;2564723,3;98947,69;5485954,37;10925836,52;4173055,34;0;19132430,57;0;14959375,23;14959375,23;20110805,6;-9184969,08;10925836,52;-5,9%;-113,2%;-114,3%;-24,3%;-8.206.594,1 
2018;Εκδόσεις Λιβάνη;9%;3070110,78;-2349009,43;721101,35;165848,01;-1125344,17;;-989832,41;-475447,54;-1586990,75;;;-1412351,06;5318170,33;2822283,38;1726375,26;117259,34;4665917,98;9984088,31;4619147,34;;19792963,66;;15173816,32;15173816,32;20581408,44;-10597320,13;9984088,31;23,5%;-51,7%;-46,0%;-14,1%;-9.808.875,4 
2019;Εκδόσεις Λιβάνη;7%;3186946,5;-1519590,3;1667356,2;160945,56;-1961161,25;;-363388,51;-377656,64;-876904,61;;;-810876,83;5269842,7;1870663,6;2324044,77;134371,49;4329079,86;9598922,56;4999776,66;;20249645,24;;15249868,58;15249868,58;20932529,52;-11333606,96;9598922,56;52,3%;-27,5%;-25,4%;-8,4%;-10.650.722,7 
2020;Εκδόσεις Λιβάνη;3%;1495961,66;-1.086.788 ;409173,32;152637,19;-1261944,1;;-1624713,94;-652742,9;-2413847;;;-2313847;3796373,19;1650222,02;2318283,58;149100,86;4117606,46;7913979,65;5629963,7;;21459059,73;;15829096,03;15829096,03;22130784,35;-14216804,7;7913979,65;27,4%;-161,4%;-154,7%;-29,2%;-13.545.080,1 
2011;Ελδόσεις Κλειδάριθμος;12%;3915304,88;-2.348.248 ;1567057,34;7631,08;-840800,38;;733888,08;-9682,17;724205,91;;;831124,57;22886,43;1594145,43; 1.945.199 ;816140,96;4355485,74;4378372,64; 1.936.357 ;321524,83;2257881,47;;;0;2257881,47; 2.120.491 ;4378372,64;40,0%;18,5%;21,2%;19,0%; 2.120.491,2 
2012;Ελδόσεις Κλειδάριθμος;11%;3407710,25;-1.868.962 ;1538748,19;4816,75;-595190,99;;948373,95;-3955,99;952329,94;;;969967,74;15954,95;1819668,29; 1.898.357 ;688868,77;4406893,93;4422849,35; 1.375.405 ;172237,19;1547642,29;;;0;1547642,29; 2.875.207 ;4422849,35;45,2%;27,9%;28,5%;21,9%; 2.875.207,1 
2013;Ελδόσεις Κλειδάριθμος;11%;4420512,93;-2.372.822 ;2047691,37;76870;-497021,7;;1627540,44;-21322,15;1648862,59;;;1686927,63;29791,52;1725449,93; 2.033.851 ;2014656,19;5773957,46;5803749,45; 1.760.650 ;627269,49;2387919,93;;;0;2387919,93; 3.415.830 ;5803749,45;46,3%;37,3%;38,2%;29,1%; 3.415.829,5 
2014;Ελδόσεις Κλειδάριθμος;9%;4110911,95;-2.113.932 ;1996979,57;4244,67;-499350,47;;1496344,94;-2184,13;1522740,57;;-398508,66;1124231,91;36767,58;1979367,97; 1.267.464 ;2237111,78;5483943,66;5520711,24; 1.255.363 ;305145,17;1560508,1;;;0;1560508,1; 3.960.203 ;5520711,24;48,6%;37,0%;27,3%;20,4%; 3.960.203,1 
2015;Ελδόσεις Κλειδάριθμος;9%;3451219,87;-1.911.938 ;1539281,97;3603,32;-624082,37;;947231,7;-2430,75;972408,25;;-287087,08;685321,17;45451,06;1952479,78; 1.355.170 ; 2.171.643,07 ;5479292,51;5524743,57; 769.442 ;109777,75;879219,26;;;0; 879.219 ; 4.645.524 ;5524743,57;44,6%;28,2%;19,9%;12,4%; 4.645.524,3 
2016;Ελδόσεις Κλειδάριθμος;9%;3668719,96;-2.084.244 ;1584475,51;3680,71;-984568,22;;597818,26;-1515,38;598449,65;;;423864,28;35666,39;2021188,14; 2.415.171 ;1283280,45;5719639,52;5755305,91; 2.457.931 ;127986,74;2585917,32;;;0;2585917,32; 3.169.389 ;5755305,91;43,2%;16,3%;11,6%;7,4%; 3.169.388,6 
2017;Ελδόσεις Κλειδάριθμος;9%;3772650,87;-2.281.724 ;1490926,65;3843,76;-1109522,76;;390147,85;-1686,54;388842,52;;-113772,49;275070,03;138755,9;2185424,58; 3.319.212 ;596012,04;6100648,14;6239404; 2.547.310 ;247635,61;2794945,42;;;0;2794945,42; 3.444.459 ; 6.239.404 ;39,5%;10,3%;7,3%;4,4%; 3.444.458,6 
2018;Ελδόσεις Κλειδάριθμος;11%;3845419,03;-2.427.540 ;1417878,76;4652,72;-1017347,76;;465892,34;-2149,4;464035,55;;-136158,51;327877,04;120856,28;2171398,74; 3.219.913 ;816249,67;6207561,63;6328417,91; 2.426.485 ;129596,85;2556082,25;;;0;2556082,25; 3.772.336 ; 6.328.418 ;36,9%;12,1%;8,5%;5,2%; 3.772.335,7 
2019;Ελδόσεις Κλειδάριθμος;8%;3547087,31;-2.061.670 ;1485417,09;4319,84;-1188321,79;;389728,8;-2998,86;387761,83;;-101395,81;592222,42;103568,84;2510775,98; 2.784.286 ;877330;6172392,24;6275961,08; 2.090.373 ;126886,48;2217259,4;;;0;2217259,4;4058701,68; 6.275.961 ;41,9%;10,9%;16,7%;9,4%; 4.058.701,7 
2020;Ελδόσεις Κλειδάριθμος;10%;4591423,15;-2.779.294 ;1812129,08;3993,17;-1116548,67;;783242,64;-2408,39;781269,79;;-189047,37;592222,42;1000354,24;2233202,17; 2.882.209 ; 1.748.197 ; 6.863.609 ; 6.963.963 ; 2.121.623 ;191415,81; 2.313.039 ;;;0;2313038,76;4650924,1; 6.963.963 ;39,5%;17,0%;12,9%;8,5%; 4.650.924,1 
;;;;;;;;;;;;;;;;;;;;;;;;;;;;;;;;;;
;;;;;;;;;;;;;;;;;;;;;;;;;;;;;;;;;;
;;;;;;;;;;;;;;;;;;;;;;;;;;;;;;;;;;
;;;;;;;;;;;;;;;;;;;;;;;;;;;;;;;;;;
;;;;;;;;;;;;;;;;;;;;;;;;;;;;;;;;;;
;;;;;;;;;;;;;;;;;;;;;;;;;;;;;;;;;;
;;;;;;;;;;;;;;;;;;;;;;;;;;;;;;;;;;
;;;;;;;;;;;;;;;;;;;;;;;;;;;;;;;;;;
